ID,Timestamp,Titulo,Preco,Estado
MLB1108154566,2018-10-23,Playstation 4 Slim 1tb + 3 Jogos + 3 Meses Plus + Brinde,2554.9,Parana
MLB1088689298,2018-10-23,Console Sony Playstation 4 Slim 1tb Hits Anatel 1ano Garanti,1999.0,Parana
MLB1118954875,2018-10-23,Ps4 Slim 1tb Playstation 4 Cuh-2115b Original - Oferta!,1799.0,Parana
MLB1098760697,2018-10-23,Ps4 Slim Playstation 4 Sony 1tb 3 Jogos+ Psn God Of War 2018,2150.0,Parana
MLB1117421211,2018-10-23,Playstation 4 Ps4 Slim 1tb Hd 1000gb,1860.0,Parana
MLB1116536719,2018-10-23,Console Ps4 Sony Playstation 4 Slim 1tb Bundle Fifa 19,1999.0,Parana
MLB1098314386,2018-10-23,Ps4 Slim Playstation 4 Sony 1tb 3 Jogos+psn+ 02 Controles!,2399.0,Parana
MLB1115964795,2018-10-23,Playstation 4 Slim Ps4 1tb Sony Original Pronta Entrega,1750.0,Parana
MLB1098760777,2018-10-23,Ps4 Slim Playstation 4 Sony 1tb 3 Jogos+ Psn God Of War 2018,2150.0,Parana
MLB1088049894,2018-10-23,Console Sony Playstation 4 Slim 1tb - Preto (220v),1990.0,Parana
MLB923553558,2018-10-23,Console Sony Ps4 Pro 7015b 4k 1 Controle,2790.0,Parana
MLB1071066884,2018-10-23,Console Sony Playstation 4 Slim 1tb Bundle God Of War  Gran,2150.0,Parana
MLB1121566804,2018-10-23,Ps4 Slim Sony 1tb 3 Jogos + 2 Contrls +3 Meses Psn +fifa 19,2662.99,Parana
MLB1106763113,2018-10-23,Ps4 Playstation 4 Slim 1tb Sony Bivolt + Nota Fiscal,1779.97,Parana
MLB1075164544,2018-10-23,Ps4 Playstation 4slim Sony 1tb 3 Jogos+ Psn 2 Controles!,2399.0,Parana
MLB1118369149,2018-10-23,Ps4 Slim Sony 1tb 3 Jogos + 3 Meses De Psn + Envio Imediato,2235.0,Parana
MLB1110273908,2018-10-23,Ps4 Slim Sony 1tb 3 Jogos + 2 Controles +3 Meses Psn,2382.99,Parana
MLB1116900085,2018-10-23,Ps4 Slim 1tb +god Of War 4+uncharted 4+gt Sports+3 Meses Psn,2099.0,Parana
MLB1046274507,2018-10-23,Playstation Slim 1tb 02 Controles 01 Jogo Grátis Escolha!!!,2099.0,Parana
MLB1104792224,2018-10-23,Playstation 4 Slim Ps4 Sony 1tb + 3 Jogos Originais,1720.0,Parana
MLB1104796004,2018-10-23,Playstation 4 Slim 1tb Ps4 Sony + Kit 3 Jogos Originais,1825.0,Parana
MLB1071128743,2018-10-23,Ps4 Playstation 4 1tb 3 Jogos God Of War Psn 3 Meses + Nf,2150.0,Parana
MLB1100855612,2018-10-23,Playstation 4 Slim 1tb Sony Ps4 Original Envio Imediato,1652.0,Parana
MLB1085488122,2018-10-23,Ps4 Slim 1tb Hdr Playstation 4 - Original - Envio Imediato!,1799.99,Parana
MLB1092104890,2018-10-23,Ps4 Slim Sony 1tb 3 Jogos Bundle Playstation 4 Novo,2219.8,Parana
MLB1079617990,2018-10-23,Ps4 Slim 1tb 4k Playstation 4 +3jogos+psn+01controle-oferta!,2439.95,Parana
MLB1118643097,2018-10-23,Console Sony Ps4 Slim Playstation4 1tb Com 3 Jogos,2170.0,Parana
MLB1091355014,2018-10-23,Ps4 Slim Sony 1tb 3 Jogos + 2 Controles +3 Meses Psn,2494.0,Parana
MLB1118373038,2018-10-23,Console Playstation 4 Slim De 1tb Hits 3 Jogos,2170.0,Parana
MLB1117140855,2018-10-23,Console Sony Playstation 4 Slim 1tb 2215b Com Fifa 19,2199.0,Parana
MLB1118643083,2018-10-23,Console Sony Ps4 Slim Playstation4 1tb Com 3 Games,2235.0,Parana
MLB1118355856,2018-10-23,Console Playstation 4 Slim 1tb + 03 Jogos Plus 3 Meses,2170.0,Parana
MLB1118369156,2018-10-23,Console Playstation 4 Ps4 Slim 1tb Bundlec/3 Jogos S/psn,2170.0,Parana
MLB1118373029,2018-10-23,Console Sony Ps4 Slim Playstation4 1tb Com 3 Games,2235.0,Parana
MLB1092102531,2018-10-23,Ps4 Slim Sony 1tb 3 Jogos Bundle Playstation 4 + Nf,2359.8,Parana
MLB1118373043,2018-10-23,Console Sony Ps4 Slim Playstation4 1tb Com 3 Jogos,2235.0,Parana
MLB1118645969,2018-10-23,Console Playstation 4 Slim 1tb + 03 Jogos Plus 3 Meses,2235.0,Parana
MLB1120122952,2018-10-23,Playstation Sony 4 Ps4 Play 4 Slim 1tb Hits Bundle,2099.9,Parana
MLB1111470527,2018-10-23,Console Ps4 Slim 1tb + God Of War 18/uncharted4/gran Turismo,2159.0,Parana
MLB983290231,2018-10-23,Console Sony Playstation 4 Slim 1tb + Jogo Call Of Duty Wwii,2099.0,Parana
MLB966741544,2018-10-23,Ps4 Sony Console Slim 1tb Bundle Star Wars Battlefront 2 Nf,2299.0,Parana
MLB957084756,2018-10-23,Ps4 1tb Fifa 2019 Playstation Lançamento 2 Controles,2399.0,Parana
MLB940610085,2018-10-23,Playstation 4 1tb Ps4 Ultimate + 2 Controles Com Nf Lacrado,2289.0,Parana
MLB933963239,2018-10-23,Ps4 1tb Slim Playstation 4 Sony +2 Controles C/nf,2199.0,Parana
MLB1092549651,2018-10-23,Playstation 4 1tb Ps4 Slim Hdr Bivolt Pronta Entrega,1799.0,Parana
MLB945283867,2018-10-23,Console Sony Playstation 4 Slim 1tb,1700.0,Parana
MLB1091353587,2018-10-23,Ps4 Slim Sony 1tb 3 Jogos + 3 Meses De Psn + Frete Gratis,2194.99,Parana
MLB1087388362,2018-10-23,Console Sony Playstation 4 Slim 1tb Com 3 Jogos Preto Bivolt,2390.0,Parana
MLB1118645934,2018-10-23,Console Playstation 4 Slim De 1tb Hits 3 Jogos,2235.0,Parana
MLB1115964797,2018-10-23,Playstation 4 Slim Ps4 1tb Sony Original Envio Imediato,1652.0,Parana
MLB931937333,2018-10-23,Console Sony Ps4 Slim 1tb Bivolt Americano Preto,1769.0,Parana
MLB1095309992,2018-10-23,Ps4 Slim 1tb 4k Playstation 4 (3jogos+psn)-envio Imediato!,2129.95,Parana
MLB1087388119,2018-10-23,Console Sony Playstation 4 Slim 1tb Com 3 Jogos Preto Bivolt,2390.0,Parana
MLB1102141714,2018-10-23,Console Sony Playstation 4 Slim Ps4 Slim 1tb Hdr,2079.0,Parana
MLB849839266,2018-10-23,Console Sony Playstation 4 Slim 1tb + Jogo Call Of Duty Wwii,2622.0,Parana
MLB1091354516,2018-10-23,Ps4 Slim Sony 1tb 3 Jogos + 3 Meses De Psn + Frete Gratis,2194.99,Parana
MLB1096319675,2018-10-23,Ps4 Slim Sony 1tb 3 Jogos Bundle + 2 Controles Envio Imediat,2399.99,Parana
MLB1091347606,2018-10-23,Ps4 Slim Sony 1tb 3 Jogos + 3 Meses De Psn + Envio Imediato,2109.99,Parana
MLB1087082934,2018-10-23,Ps4 Slim 1 Tb 2115b Novo Lacrado Com 3 Jogos Fisicos+ Psn,2199.0,Parana
MLB1118365101,2018-10-23,Playstation Sony Ps4 Play 4 Slim 1tb Hits Bundle,2235.0,Parana
MLB1118369158,2018-10-23,Ps4 Slim Sony 1tb 3 Jogos Bundl Playstation 4 Pronta Entrega,2235.0,Parana
MLB1123031159,2018-10-23,Playstation Sony 4 Ps4 Play 4 Slim 1tb 2115b - Preço Justo!,2043.0,Parana
MLB1117844909,2018-10-23,Playstation 4 Slim 1tb Novo Lacrado,1950.0,Parana
MLB1110497109,2018-10-23,Playstation 4 Sony Slim De 1tb Hdr Usb Hdmi Fone + Pes 2019,2259.9,Parana
MLB1113629259,2018-10-23,Ps4 Slim 1tb Playstation Sony Bivolt 2115b Novo,2390.0,Parana
MLB1118645902,2018-10-23,Playstation Sony 4 Ps4 Play 4 Slim 1tb Hits Bundle,2235.0,Parana
MLB1101757134,2018-10-23,Ps4 Console Sony Playstation 4 1tb 2116b Slim Novo Promoção,1869.99,Parana
MLB1107057332,2018-10-23,Ma Console Sony Playstation 4 Slim 1tb Bundle God Of War. Gr,2675.1,Parana
MLB1122067265,2018-10-23,Ps4 Slim 1tb Hdr Playstation 4 -2 Controles- Envio Imediato!,2079.0,Parana
MLB1118373055,2018-10-23,Ps4 Slim Sony 1tb 3 Jogos Bundle Playstation 4 Novo,2170.0,Parana
MLB1118373025,2018-10-23,Playstation Sony 4 Ps4 Play 4 Slim 1tb Hits Bundle,2170.0,Parana
MLB1123033360,2018-10-23,Playstation Sony 4 Ps4 Play 4 Slim 1tb 2115b - Preço Justo!,1979.0,Parana
MLB1106901560,2018-10-23,Ps4 Playstation 4 Slim  1tb  Sony  Bivolt + Nota Fiscal,2199.0,Parana
MLB1118645962,2018-10-23,Ps4 Slim Sony 1tb 3 Jogos Bundle Playstation 4 Novo,2170.0,Parana
MLB1118645924,2018-10-23,Ps4 Slim Sony 1tb 3 Jogos Bundl Playstation 4 Pronta Entrega,2170.0,Parana
MLB1118648927,2018-10-23,Playstation Sony Ps4 Play 4 Slim 1tb Hits Bundle,2170.0,Parana
MLB1118648887,2018-10-23,Ps4 Slim Sony 1tb 3 Jogos + 3 Meses De Psn + Envio Imediato,2235.0,Parana
MLB1122063943,2018-10-23,Ps4 Slim 1tb Hdr Playstation 4 -2 Controles- Envio Imediato!,1999.0,Parana
MLB958565263,2018-10-23,Ps4 Camuflado Slim Sony Playstation 4 1tb Call Of Duty Ww2,1890.0,Parana
MLB989945562,2018-10-23,Ps4 Slim 1tb Bivolt Com 2 Controles + Gta V + Uncharted,2388.0,Parana
MLB1076006072,2018-10-23,Console Playstation 4 Ps4 Slim 1tb Hits Bundle + 3 Jogos !!,2199.96,Parana
MLB966624318,2018-10-23,Ps4 Console Sony Ps4 Slim 2115b 1tb (americano) Preto Novo,2029.99,Parana
MLB1091384003,2018-10-23,Console Playstation 4 Ps4 Slim 1tb Hits Bundle,2199.0,Parana
MLB1086624072,2018-10-23,Hb Console Playstation 4 Slim 1tb Ed Final Fantasy Xv,2904.91,Parana
MLB1086459532,2018-10-23,Hb Console Playstation 4 Slim 1tb 2116b,2374.77,Parana
MLB820693843,2018-10-23,Console Sony Playstation 4 Slim 1tb Days Of Play,2880.0,Parana
MLB970914382,2018-10-23,Playstation 4 Branco Slim Sony 1tb Ps4 Original Bivolt Nf,1997.0,Parana
MLB1082948093,2018-10-23,Ps4 Slim 1tb 3 Jogos God Of War + Psn 3 Meses,2150.0,Parana
MLB1039574664,2018-10-23,Ps4 Slim Playstation 4 Slim 1tb + 3 Jogos - Melhor Preco,2210.2,Parana
MLB999314989,2018-10-23,Ps4 1tb Slim Playstation 4 Bivolt Lacrado Pronta Ent C/nf,1799.0,Parana
MLB1086714910,2018-10-23,Me Console Playstation 4 Slim De 1tb Sony Cuh-2116b Bivolt -,2360.44,Parana
MLB899009465,2018-10-23,Ps4 Playstation 4 1tb Pronta Entrega Com Nf,1799.0,Parana
MLB1014185367,2018-10-23,Ps4 Slim Hdr 1tb Sony Bivolt Americano + Star Wars Battle 2,2089.0,Parana
MLB963702579,2018-10-23,Ps4 Slim 1tb Novo Lacrado + 2 Controles 2018 + Frete Grátis,2299.0,Parana
MLB1010760236,2018-10-23,Ps4 Playstation 4 Slim 1tb - 2 Controles Lacrado 2115b C/nf,2089.0,Parana
MLB984451192,2018-10-23,Ps4 Slim 1tb + 2 Controles + Frete Grátis  Até 12x Sem Juros,2099.0,Parana
MLB970308604,2018-10-23,Playstation 4 Slim 1tb Branco Ps4 1tera 2 Controles C/nf,2299.0,Parana
MLB989017098,2018-10-23,Ps4 Slim 1tb Edição Limitada Gran Turismo Sport Lacrado Nf,2289.0,Parana
MLB1022906691,2018-10-23,Playstation 4 Slim 1tb Ps4 C/ 2 Controles E God Of War 4 Nf,2385.0,Parana
MLB964881612,2018-10-23,Playstation 4 Slim Sony 1tb Ps4 + 2 Controles Dualshock 4 Nf,2199.0,Parana
MLB1104776374,2018-10-23,Playstation 4 Slim Ps4 Sony 1tb 3 Jogos God Of War 2018,2065.0,Parana
MLB989007354,2018-10-23,Playstation 4 Slim Sony 1tb Ps4 + Fifa 2019 Lacrado Envio Nf,2158.8,Parana
MLB941180594,2018-10-23,Ps4 1tb Fifa 2019 Playstation Lançamento Confira Garantia,2179.0,Parana
MLB964897094,2018-10-23,Ps4 1tb Slim Playstation 4 Sony Bivolt 2 Controles Com Led,2289.0,Parana
MLB964876282,2018-10-23,Playstation 4 Slim Sony 1tb Ps4 Bivolt 2 Controles Fifa 19,2399.0,Parana
MLB984491332,2018-10-23,Playstation 4 Slim Sony 1tb Ps4 C/ 2 Controles Dualshock -nf,2746.8,Parana
MLB1010763905,2018-10-23,Ps4 Playstation 4 Slim 1tb - 2 Controles Lacrado C/nf,2289.0,Parana
MLB950514521,2018-10-23,Ps4 Slim 1tb + 2 Controles + Novo Lacrado Com Frete Grátis,2926.8,Parana
MLB950524223,2018-10-23,Ps4 1tb Slim Playstation 4 Cuh2115b + 2 Controles Originais,2389.0,Parana
MLB963700235,2018-10-23,Ps4 Playstation Slim 1tb Original Sony 12x Envio 48 Horas,2039.0,Parana
MLB963718508,2018-10-23,Playstation 4 Slim Ps4 Hd 1tb - 2115b Americano. Novo,1899.0,Parana
MLB1117452419,2018-10-23,Playstation 1 Tb Slim Fifa 19 + Frete,2899.0,Parana
MLB1118675958,2018-10-23,Playstation 4 Ps4 Slim 1tb Fifa 19 + 2 Controles + Nota F,2250.0,Parana
MLB1118666099,2018-10-23,Playstation 4 Ps4 Slim 1tb Fifa 19 + Nota Fiscal,2000.0,Parana
MLB1101198218,2018-10-23,Playstation 4 Slim 1tb 2016b + Frete Gts,2499.0,Parana
MLB908033467,2018-10-23,Playstation 4 Pro 1tb Ps4 Anatel 2 Controles  Envio Imediato,2689.99,Parana
MLB1118408766,2018-10-23,Playstation 4 Slim 1 Tb,2399.0,Parana
MLB1122774929,2018-10-23,Ps4 Playstation 4 Slim 1tb Sony Bivolt + Nota Fiscal,1770.0,Parana
MLB1104782007,2018-10-23,Playstation 4 Slim Ps4 Sony 1tb 3 Jogos Pronta Entrega,1945.0,Parana
MLB970316770,2018-10-23,Playstation 4 Slim 1tb Branco Sony Ps4 2 Controles C/nf,2299.0,Parana
MLB937746523,2018-10-23,Ps4 1tb Slim Playstation 4 Sony +2 Controles Black Friday,2199.0,Parana
MLB940608033,2018-10-23,Ps4 Playstation Slim 1tb Original Sony Oferta Lacrado C /nf,1799.0,Parana
MLB950508532,2018-10-23,Ps4 Slim 1tb + 2 Controles + Novo Lacrado Com Frete Grátis,2158.8,Parana
MLB984491549,2018-10-23,Playstation 4 Slim Sony 1tb Ps4 C/ 2 Controles Dualshock -nf,2285.0,Parana
MLB950528817,2018-10-23,Ps4 1tb Slim Playstation 4 Cuh2115b + 2 Controles Originais,2638.8,Parana
MLB964879458,2018-10-23,Playstation 4 Slim Sony 1tb Ps4 Bivolt 2 Controles Fifa 18,2298.0,Parana
MLB1022310815,2018-10-23,Playstation 4 Slim Ps4 Hd 1tb - 2115b Americano. Novo,1985.0,Parana
MLB950524585,2018-10-23,Playstation 4 Slim Sony 1tb Ps4 Bivolt 2 Controles Fifa 18,2638.8,Parana
MLB933963299,2018-10-23,Playstation 4 1tb Ps4 Slim + 2 Controles + Envio Imediato,2637.6,Parana
MLB941176464,2018-10-23,Playstation 4 Slim Sony 1tb + Fifa 19 12x Frete Grátis,1989.0,Parana
MLB989011057,2018-10-23,Playstation 4 Slim Sony 1tb Ps4 + Fifa 2018 Lacrado Envio Nf,2199.0,Parana
MLB1070733821,2018-10-23,Ps4 Slim Playstation 4 Slim 1tb + 3 Jogos - Melhor Preco,2210.2,Parana
MLB1096820563,2018-10-23,Playstation 4 Slim 1 Tb Bundle,2200.0,Parana
MLB1112826699,2018-10-23,Playstation 4 Slim 1tb - Sony,1899.0,Parana
MLB1109929134,2018-10-23,Playstation Ps4 Slim 1tb,1649.0,Parana
MLB1103112959,2018-10-23,Ps4 Slim Playstation 4 Sony 1tb 3 Jogos+ Psn God Of War 2018,2080.0,Parana
MLB1092101542,2018-10-23,Ps4 Slim Sony 1tb 3 Jogos Bundle Playstation 4 Novo,2089.8,Parana
MLB1084493641,2018-10-23,Ps4 Slim 1tb 4k Playstation 4 (3jogos+psn)-envio Imediato!,1998.9,Parana
MLB1092099538,2018-10-23,Ps4 Slim Sony 1tb 3 Jogos Bundle Playstation 4 Novo,2229.8,Parana
MLB941184613,2018-10-23,Playstation 4 Slim Sony 1tb + Fifa 19 12x Frete Grátis,2199.0,Parana
MLB1113613771,2018-10-23,Ps4 Slim 1tb Playstation Sony Bivolt 2115b Novo,2450.0,Parana
MLB941176358,2018-10-23,Playstation 4 Slim Sony 1tb + Fifa 19 12x Frete Grátis,2242.8,Parana
MLB909818012,2018-10-23,Console Sony Playstation 4 Slim Cuh-2115b Com 1tb Jetblack,1796.0,Parana
MLB978603760,2018-10-23,Ps4 Console Sony Playstation 4 1tb 2116b Black Novo Promoção,1874.99,Parana
MLB1121963985,2018-10-23,Ps4 Slim 1tb Hdr Playstation 4 -2 Controles- Envio Imediato!,1999.99,Parana
MLB1102144946,2018-10-23,Console Sony Playstation 4 Slim Ps4 Slim 1tb Hdr,2079.0,Parana
MLB966741617,2018-10-23,Ps4 Sony Console Slim 1tb Bundle Star Wars Battlefront 2 Nf,2119.0,Parana
MLB1098888165,2018-10-23,Console Playstation 4 Sony Slim Hits Bundle 1tb Ps4 + 3 Jogo,2740.15,Parana
MLB1092099820,2018-10-23,Ps4 Slim Sony 1tb 3 Jogos Bundle Playstation 4 Novo,2099.8,Parana
MLB1092105494,2018-10-23,Ps4 Slim Sony 1tb 3 Jogos Bundle Playstation 4 + Nf,2229.8,Parana
MLB1111470795,2018-10-23,Console Ps4 Slim 1tb + God Of War 18/uncharted4/gran Turismo,2099.0,Parana
MLB1091390455,2018-10-23,Console Playstation 4 Ps4 Slim 1tb Hits Bundle,2199.0,Parana
MLB1121279470,2018-10-23,Console Playstation 4 Pro Slim 1tb - Sony,2199.0,Parana
MLB1101643802,2018-10-23,Me Console Playstation 4 Slim De 1tb Sony Cuh-2115b Bivolt -,2925.98,Parana
MLB1121868846,2018-10-23,Console Sony Playstation 4 Slim 1tb 2215b Com Fifa 19,1999.9,Parana
MLB1121869404,2018-10-23,Console Sony Playstation 4 Slim 1tb Bundle God Of War  Gran,1999.9,Parana
MLB963702650,2018-10-23,Ps4 Slim 1tb Novo Lacrado + 2 Controles 2018 + Frete Grátis,2199.0,Parana
MLB989940015,2018-10-23,Ps4 Slim 1tb Bivolt Com 2 Controles + Gta V + Uncharted,2299.0,Parana
MLB1098311384,2018-10-23,Ps4 Slim Playstation 4 Sony 1tb 3 Jogos+psn+ 02 Controles!,2229.0,Parana
MLB1118958168,2018-10-23,Ps4 Slim 1tb Playstation 4 Cuh-2115b Original - Oferta!,1719.0,Parana
MLB984451281,2018-10-23,Ps4 Slim 1tb + 2 Controles + Frete Grátis  Até 12x Sem Juros,2199.0,Parana
MLB1014190966,2018-10-23,Ps4 Slim Hdr 1tb Sony B + Star Wars Battle 2 2 Controles Nf,2299.0,Parana
MLB989015050,2018-10-23,Ps4 Slim 1tb Edição Limitada Gran Turismo Sport Lacrado Nf,2089.0,Parana
MLB1022903856,2018-10-23,Playstation 4 Slim 1tb Ps4 C/ 2 Controles E God Of War 4 Nf,2299.0,Parana
MLB964881733,2018-10-23,Playstation 4 Slim Sony 1tb Ps4 + 2 Controles Dualshock 4 Nf,2026.8,Parana
MLB964893447,2018-10-23,Ps4 1tb Slim Playstation 4 Sony Bivolt 2 Controles Com Led,2199.0,Parana
MLB1014189494,2018-10-23,Ps4 Slim Hdr 1tb Sony Bivolt Americano + Star Wars Battle 2,1985.0,Parana
MLB941184686,2018-10-23,Playstation 4 Slim Sony 1tb + Fifa 19 12x Frete Grátis,1989.0,Parana
MLB1111196941,2018-10-23,Console Playstation 4 Slim De 1tb Sony Cuh-2116b Bivolt Jet,1999.9,Parana
MLB1120497333,2018-10-23,Ps4 Camuflado Slim Sony Playstation 4 1tb Call Of Duty Ww2,1890.0,Parana
MLB1077095252,2018-10-23,Ps4 Playstation 4 1tb 3 Jogos God Of War + Psn 3 Meses + Nf,2050.0,Parana
MLB1100147164,2018-10-23,Sony Playstation 4 Slim 1tb,1760.0,Parana
MLB1105056949,2018-10-23,Ps4 Slim Sony 1tb 3 Jogos Playstation 4,2389.0,Parana
MLB1117820168,2018-10-23,Playstation 1 Tb Slim Fifa 19 + Frete,2699.0,Parana
MLB1121127394,2018-10-23,Pa4 Slim 1tb Novo Lacrado Com Garantia.,1999.0,Parana
MLB1076078326,2018-10-23,Sony Playstation 4 Slim 1tb,2449.0,Parana
MLB1097247516,2018-10-23,Sony Playstation 4 Slim 1tb Hits Bundle Nacional Lacrado!,2449.9,Distrito Federal
MLB1100232834,2018-10-23,Ps4 1tb Slim + Jogo Gran Turismo Sport - 12 Meses De Garatin,1750.0,Distrito Federal
MLB1100374058,2018-10-23,Playstation 4 Slim Ps4 Slim 1tb - 1 Ano Garantia,1865.0,Distrito Federal
MLB1085088010,2018-10-23,Playstation 4 Ps4 1 Tb Slim + Jogo Pes 2019,2099.0,Distrito Federal
MLB1104655377,2018-10-23,Ps4 1tb Slim Days Of Play Edition + 3 Jogos Em Ptbr,2915.0,Distrito Federal
MLB1103138510,2018-10-23,Playstation 4 Ps4 Slim 1 Tb + God Of War 4 12 Meses De Gar,2199.0,Distrito Federal
MLB1107511926,2018-10-23,Playstation 4 Slim 1tb + Gran Turismo Sport Limited Edition,2520.0,Distrito Federal
MLB1104651336,2018-10-23,Playstation 4 Ps4 Slim 1 Tb + Jogo Pes 2019 + 2 Controles,2299.0,Distrito Federal
MLB1100908350,2018-10-23,Playstation 4 Ps4 Slim 1tb + Uncharted 4,2099.0,Distrito Federal
MLB1110572703,2018-10-23,Ps4 Slim 1tb + Driveclub 1 Ano De Garantia,2090.0,Distrito Federal
MLB1100271576,2018-10-23,Playstation 4 Ps4 Slim 1 Tb + Gta V 12 Meses De Garantia,2149.88,Distrito Federal
MLB1122052350,2018-10-23,Ps4 Slim 1 Tb + Jogo Pes 2019 + 2 Controles + Uncharted 4,2419.0,Distrito Federal
MLB1095908788,2018-10-23,Playstation 4 Slim Ps4 Slim 1tb - 1 Ano Garantia,2178.0,Distrito Federal
MLB1088486503,2018-10-23,Playstation 4 Ps4 1tb Slim + Gta V + God Of War 4,2331.0,Distrito Federal
MLB1082651622,2018-10-23,Ps4 Slim 1tb + God Of War 4+ Gt Sports + Uncharted 4,2199.0,Distrito Federal
MLB1070592804,2018-10-23,Playstation 4 Slim 1tb Ps4 Slim 2 Controles 1 Ano Garantia,2290.0,Distrito Federal
MLB1082674035,2018-10-23,Playstation 4 Ps4 Slim 1 Tb + Plants Vs Zombies Gw 2 Br Ps4,1995.0,Distrito Federal
MLB1088523132,2018-10-23,Ps4 1tb Slim 2 Controles + God Of War 4 + Uncharted 4 + Gt S,2300.0,Distrito Federal
MLB1095553414,2018-10-23,Ps4 Slim 1tb + God Of War 4+ Gt Sports + Uncharted 4,2060.0,Distrito Federal
MLB1110572656,2018-10-23,Ps4 Slim 1tb + Driveclub 1 Ano De Garantia,2020.0,Distrito Federal
MLB1120524652,2018-10-23,Playstation 4 Ps4 Slim 1 Tb + Plants Vs Zombies Gw 2 Br Ps4,1867.0,Distrito Federal
MLB1088523354,2018-10-23,Ps4 1tb Slim 2 Controles + God Of War 4 + Uncharted 4 + Gt S,2499.0,Distrito Federal
MLB1110551653,2018-10-23,Sony Ps4 Slim 1tb Envio Imediato,1849.99,Rio De Janeiro
MLB1120361486,2018-10-23,Ps4 Playstation 4 Slim 1tb Hdr Original!,1899.0,Rio De Janeiro
MLB1117059602,2018-10-23,Sony Ps4 Slim 1tb 2 Controle Extra + Fifa 19 Envio Imediato,2299.99,Rio De Janeiro
MLB1117058714,2018-10-23,Sony Ps4 Slim 1tb + Controle Extra Original Envio Imediato,2099.99,Rio De Janeiro
MLB1096804716,2018-10-23,Sony Ps4 Slim 1tb 3 Jogos Bundl Playstation 4 Envio Imediato,2399.99,Rio De Janeiro
MLB1113333711,2018-10-23,Ps4 Slim 1tb Importado Dos Eua,1840.0,Rio De Janeiro
MLB946470431,2018-10-23,Videogame Playstation 4 1tb Slim Ps4 Americano Niterói Rj,2049.89,Rio De Janeiro
MLB1105784434,2018-10-23,Playstation 4 Slim Preto 1tb Ps4 -,1999.0,Rio De Janeiro
MLB1117089557,2018-10-23,Playstation 4 Slim Preto 1tb Ps4 Com 2 Controles,2389.99,Rio De Janeiro
MLB1119309101,2018-10-23,Videogame Playstation 4 1tb Slim Ps4 2 Controles + Nf-e,2594.89,Rio De Janeiro
MLB1117050270,2018-10-23,Sony Ps4 Slim 1tb Envio Imediato,1739.99,Rio De Janeiro
MLB1117064661,2018-10-23,Sony Ps4 Slim 1tb 2 Controle Extra + Fifa 19 Envio Imediato,2199.99,Rio De Janeiro
MLB1096801576,2018-10-23,Sony Ps4 Slim 1tb 3 Jogos Bundl Playstation 4 Envio Imediato,2199.99,Rio De Janeiro
MLB1117055616,2018-10-23,Sony Ps4 Slim 1tb + Controle Extra Original Envio Imediato,1989.99,Rio De Janeiro
MLB1096991623,2018-10-23,Ps4 Playstation 4 Slim 1tb Hdr Original!,1799.0,Rio De Janeiro
MLB1117089374,2018-10-23,Playstation 4 Slim Preto 1tb Ps4 Com 2 Controles,2189.99,Rio De Janeiro
MLB1120090647,2018-10-23,Playstation 4 Slim 1tb Sony 1 Controle Com 5 Jogos - Ps Plus,1989.0,Rio De Janeiro
MLB1093483081,2018-10-23,Ps4 Slim De 1tb + Controle + Jogo,1600.0,Rio De Janeiro
MLB1085273996,2018-10-23,Ps4 Slim Sony 1tb 3 Jogos Bundle Playstation 4,2350.0,Rio De Janeiro
MLB1120263815,2018-10-23,Ps4 Playstation 4 2115b Slim 1tb Americano P/ Entrega,1950.0,Rio Grande Do Sul
MLB1069651961,2018-10-23,Playstation 4 Slim 1tb + 3 Jogos + Frete Grátis,2459.0,Rio Grande Do Sul
MLB1105107492,2018-10-23,Sony Playstation4 Ps4 Slim 1tb Com 3 Jogos Cuh-2115b 2 Cont.,2449.99,Rio Grande Do Sul
MLB1112187755,2018-10-23,Console Sony Playstation 4 Ps4 Slim 1tb 2115b,1899.9,Rio Grande Do Sul
MLB1092463412,2018-10-23,Console Sony Playstation4 Ps4 Slim 1tb Com 3 Jogos Cuh-2115b,2195.99,Rio Grande Do Sul
MLB1120144854,2018-10-23,Playstation4 Ps4 Slim 1tb Jogo Fifa 19 Lançamento Cuh-2215b,2029.99,Rio Grande Do Sul
MLB1112648393,2018-10-23,Playstation 4 Slim 1tb + 1 Controle + 2 Jogos Envio Imediato,2579.9,Rio Grande Do Sul
MLB1088425544,2018-10-23,Console Sony Ps4 Slim Playstation4 1tb Com 3 Jogos Cuh-2115b,2189.99,Rio Grande Do Sul
MLB1114411671,2018-10-23,Ps4 Slim Sony 1tb 3 Jogos Playstation 4 Gow Gt Uncharted 4,2112.0,Rio Grande Do Sul
MLB1111844433,2018-10-23,Ps4 Slim 1tb Hdr Sony Bivolt Playstation 4 Slim 1tb Sony,1759.0,Rio Grande Do Sul
MLB1112672905,2018-10-23,Ps4 Playstation 4 Slim Branco - Hd 1 Tb Novo Testado,2048.0,Rio Grande Do Sul
MLB1075969296,2018-10-23,Console Playstation 4 1tb Slim,2550.0,Rio Grande Do Sul
MLB950256389,2018-10-23,Console Sony Playstation 4 Slim Cuh-2115b Com 1tb Bivolt + J,1899.0,Rio Grande Do Sul
MLB1061400428,2018-10-23,Console Playstation 4 1tb Ultra Slim Cuh-2115b Bivolt,2656.37,Rio Grande Do Sul
MLB1056431949,2018-10-23,Console Playstation 4 Slim 1tb Ed Limit Days Of Play - Azul,3183.0,Rio Grande Do Sul
MLB1072654580,2018-10-23,Sony Playstation 4 Slim 1tb (preto) Cuh2115b,2199.9,Rio Grande Do Sul
MLB1114470120,2018-10-23,Ps4 Playstation 4 2115b Slim 1tb Americano P/ Entrega,1898.99,Rio Grande Do Sul
MLB1101282533,2018-10-23,Ps4 Slim 1 Tb Mod 2116b Black C/ 1 Controle + Acessórios,1690.0,Rio Grande Do Sul
MLB1110299435,2018-10-23,Console Sony Playstation 4 Slim 1tb Hits Bundle 3 Jogos,2799.0,Santa Catarina
MLB1086736651,2018-10-23,Play Station 4 Ps4 Slim 1 Tb,2500.0,Santa Catarina
MLB1100271526,2018-10-23,Console Sony Playstation 4 Slim 1tb Hits Bundle 3 Jogos,2958.9,Santa Catarina
MLB1070437773,2018-10-23,Sony Playstation 4 Ps4 1tb Slim Cuh-2115b + 3 Jogos F-gratis,2299.0,Santa Catarina
MLB1112032421,2018-10-23,Sony Playstation 4 Slim 1tb,1800.0,Santa Catarina
MLB1106193342,2018-10-23,Playstation Ps4 Slim 1 Tb Novo E Original,1550.0,Santa Catarina
MLB1089265203,2018-10-23,Playsation 4 Slim 1tb 2116b Á Pronta Entrega - Emitimos Nf!,1850.0,Mato Grosso Do Sul
MLB1113661849,2018-10-23,Console Playstation 4 Slim (ps4) 1tb Bundle Hits 3 Cuh-2115,2260.0,Mato Grosso Do Sul
MLB1122648273,2018-10-23,Playstation4 Ps4 Slim 1tb Jogo Fifa 19 Lançamento Cuh-2215b,2030.0,Mato Grosso Do Sul
MLB1065512534,2018-10-23,Ps4 Slim 1tb 2115b 3 Jogos Somente Ms E Interior,2100.0,Mato Grosso Do Sul
MLB1105670439,2018-10-23,Playstation 4 - Slim - 1 Tb + 1 Controle Brinde Novo,2359.0,Mato Grosso Do Sul
MLB980207001,2018-10-23,Playstation 4 Slim 1 Tb Novo +10jogos Digitais + Garantia,2090.0,Minas Gerais
MLB1065082072,2018-10-23,Ps4 Slim Playstation 4 1tb Em Bh No Maleta Com Garantia,1950.0,Minas Gerais
MLB1102949625,2018-10-23,Ps4 Slim 1tb + 3 Jogos + 3 Meses Psn Plus - Pronta Entrega,2349.9,Minas Gerais
MLB1071304532,2018-10-23,Playstation 4 Slim 1tb + Jogo A Escolha Do Comprador,2139.0,Minas Gerais
MLB1071276366,2018-10-23,Ps4 Slim 1tb +god Of War 4+uncharted 4 +gt Sports Lançamento,2299.0,Minas Gerais
MLB1110690371,2018-10-23,Vendo Ou Troco Ps4 Slim 1 Tb,1830.0,Minas Gerais
MLB1122166509,2018-10-23,Console Playstation 4 Slim Sony 1 Tb Star Wars Battlefront 2,1899.9,Goias
MLB1106377278,2018-10-23,Sony Playstation 4 Slim 1 Tb,1620.0,Goias
MLB908414944,2018-10-23,Playstation 4 Slim 1tb + 1 Controle,1799.0,Goias
MLB1108223934,2018-10-23,Sony Playstation 4 Slim 1 Tb,1500.0,Goias
MLB1099818151,2018-10-23,Playstation 4 Slim 1tb Com 3 Jogos,2300.0,Ceara
MLB1121335982,2018-10-23,Ps4 Slim Gold Com Hd De 1tb,2100.0,Ceara
MLB1065309554,2018-10-23,Console Playstation 4 Hits Bundle Slim 1tb - Ps4,2499.0,Espirito Santo
MLB1065303873,2018-10-23,Console Playstation 4 Hits Bundle Slim 1tb - Ps4,2399.9,Espirito Santo
MLB1077839397,2018-10-23,Playstation 4 Slim Ps4 1tb Sony (antes De Comprar Pergunte),1799.0,Espirito Santo
MLB1102902197,2018-10-23,Ps4 Slim Sony 1tb 3 Jogos Bundle Playstation 4,2500.0,Pernambuco
MLB1101400262,2018-10-23,Console Playstation 4 Slim 1tb Ps4 Edição Especial Days Of P,2250.0,Rio Grande Do Norte
MLB1123371657,2018-10-23,Ps4 Slim 1tb + 2 Controles 2115b Americano,1500.0,Rio Grande Do Norte
MLB1106314813,2018-10-23,Console Playstation 4 Slim (ps4) 1tb Bundle Hits 3 Cuh-2114b,2499.99,Sao Paulo
MLB1106321162,2018-10-23,Console Playstation 4 Slim (ps4) 1tb Bundle Hits 3 Cuh-2114b,2574.99,Sao Paulo
MLB1122896134,2018-10-23,Ps4 Slim 1tb Hdr Sony Bivolt Playstation 4 Slim 1tb Sony,1939.0,Sao Paulo
MLB1120069643,2018-10-23,Ps4 Playstation 4 1tb Slim 2 Controles + Pes 2019 S/ Juros,2220.0,Sao Paulo
MLB1111023883,2018-10-23,Ps4 Slim Ps4 1tb Pronta Entrega Bivolt Novo Na Caixa,1829.9,Sao Paulo
MLB1120066242,2018-10-23,Playstation 4 Slim Ps4 1tb 2 Controles + 3 Jogos Classic. Sj,2239.6,Sao Paulo
MLB1115224848,2018-10-23,Ps4 Slim 1tb + Fifa 19 + Nota Fiscal + 2 Controles +garantia,2299.9,Sao Paulo
MLB1102530676,2018-10-23,Console Playstation 4 Slim 1tb  Novo Com Voucher De Jogos,1850.0,Sao Paulo
MLB1088532583,2018-10-23,Ps4 Slim Sony 1tb 3 Jogos Bundle + Nota Fiscal,2108.0,Sao Paulo
MLB1102916518,2018-10-23,Playstation Sony 4 Ps4 Play 4 Slim 1tb Hits Bundle 2115b,2179.9,Sao Paulo
MLB1120069094,2018-10-23,Ps4 Playstation 4 Slim 1tb 2 Controles + Pes 18 + Gta V. Sj,2339.0,Sao Paulo
MLB1101233892,2018-10-23,Ps4 Slim Sony 1tb 3 Jogos Bundle C/2 Controles + Nota Fiscal,2358.9,Sao Paulo
MLB1120064254,2018-10-23,Ps4 Playstation 4 Slim 1tb C 2 Controles + Pes 19 + Gow 4 Av,2199.0,Sao Paulo
MLB1120725611,2018-10-23,Ps4 Playstation 4 Slim 1tb + Pes 2019. Valor 12x S/ Juros,1979.0,Sao Paulo
MLB1121246339,2018-10-23,Playstation 4 Slim Sony 1tb Ps4 Bundle Com 3 Jogos,2049.0,Sao Paulo
MLB1120117025,2018-10-23,Playstation Sony 4 Ps4 Play 4 Slim 1tb Hits Bundle 2115b,3099.99,Sao Paulo
MLB1111232802,2018-10-23,Playstation 4 Ps4 Slim Hd 1tb 1000gb. Pronta Entrega.,1835.5,Sao Paulo
MLB1111040993,2018-10-23,Ps4 Slim Ps4 1tb + 2 Controles Pronta Entrega Novo Na Caixa,2073.9,Sao Paulo
MLB1103366438,2018-10-23,Ps4 Slim Sony 1tb 3 Jogos Playstation 4 Gow Gt Uncharted 4,2145.0,Sao Paulo
MLB1120069090,2018-10-23,Ps4 Playstation 4 Slim 1tb 2 Controles + Pes 19 + Gow 4. Sj,2439.0,Sao Paulo
MLB1088540024,2018-10-23,Ps4 Slim Sony 1tb 3 Jogos Bundle + Nota Fiscal + 2 Controles,2359.0,Sao Paulo
MLB1113385247,2018-10-23,Playstation 4 1tb Ps4 Slim Hdr Bivolt Pronta Entrega,1798.89,Sao Paulo
MLB1109643732,2018-10-23,Playstation 4 Slim 1tb 2 Controles Play 4 Sony Original,2199.9,Sao Paulo
MLB1120066244,2018-10-23,Playstation 4 Slim Ps4 1tb 2 Controles + Pes 19 + Gta V. Sj,2389.0,Sao Paulo
MLB1104535915,2018-10-23,Ps4 Slim Sony 1tb 3 Jogos Bundle C/1 Controles + Nota Fiscal,2098.9,Sao Paulo
MLB1096106638,2018-10-23,Ps4 Slim Playstation 1tb Days Of Play Limited + Nota Fiscal,2087.0,Sao Paulo
MLB1106914894,2018-10-23,Ps4 Slim Sony 1tb Com Bundle God Of War Barato + 2 Jogos,2259.0,Sao Paulo
MLB1109636323,2018-10-23,Playstation 4 Slim 1tb 2 Controles Play 4 Sony Original,2199.9,Sao Paulo
MLB1120063942,2018-10-23,Ps4 Playstation 4 Slim 1tb 2 Controles + Pes 19 + Gta V. Av,2249.0,Sao Paulo
MLB1112178431,2018-10-23,Ps4 Slim 1 Tb + Fifa 19 + Nota Fiscal + Garantia,2089.0,Sao Paulo
MLB1120069093,2018-10-23,Ps4 Playstation 4 Slim 1tb C/ 2 Controles + 3 Jogos Tops Av,2269.0,Sao Paulo
MLB1109857667,2018-10-23,Playstation Sony 4 Ps4 Play 4 Slim 1tb Hits Bundle 2115b,2055.9,Sao Paulo
MLB946285021,2018-10-23,Console Sony Playstation 4 Slim 1tb,1960.0,Sao Paulo
MLB1113859382,2018-10-23,Console Ps4 Playstation 4 Hd 1tb Slim Pode Retirar,1790.0,Sao Paulo
MLB1111974789,2018-10-23,Playstation 4 Slim 1tb Com 2 Controle E Jogo Uncharted 4,2360.0,Sao Paulo
MLB1122801271,2018-10-23,Console Ps4 Playstation 4 Hd 1tb Slim,1789.0,Sao Paulo
MLB1102692136,2018-10-23,Ps4 Slim Sony 1tb 3 Jogos Bundle Playstation 4 Novo,2228.0,Sao Paulo
MLB1118622159,2018-10-23,Console Playstation 4 Slim De 1tb Sony Bivolt + 3 Jogos,2099.49,Sao Paulo
MLB1106916886,2018-10-23,Ps4 Barato Slim 1tb 3jogos Com Bundle God Of War Top,2200.0,Sao Paulo
MLB1113766294,2018-10-23,Console Playstation 4 Slim (ps4) 1tb Bundle Hits 3 Cuh-2114b,2149.49,Sao Paulo
MLB1099715487,2018-10-23,Playstation 4 Slim 1tb 2 Controles Play 4 Sony Original,2199.9,Sao Paulo
MLB1120069092,2018-10-23,Ps4 Playstation 4 Slim 1tb C/ 2 Controles + 3 Jogos Tops Sj,2389.0,Sao Paulo
MLB948746443,2018-10-23,Console Sony Playstation 4 Slim 1tb,2010.0,Sao Paulo
MLB947361562,2018-10-23,Console Sony Playstation 4 Slim 1tb,1910.0,Sao Paulo
MLB1122689116,2018-10-23,Console Ps4 Playstation 4 Hd 1tb Slim 2 Controles Retira,2030.0,Sao Paulo
MLB1120064256,2018-10-23,Playstation 4 Slim Ps4 1tb 2 Controles + Pes 18 + Gta V. Sj,2289.0,Sao Paulo
MLB1107638811,2018-10-23,Video Game Play 4 Slim De 1tb Sony Cuh-2115b + 3 Jogos,2210.0,Sao Paulo
MLB1106324714,2018-10-23,Console Playstation 4 Slim (ps4) 1tb Bundle Hits 3 Cuh-2114b,2699.99,Sao Paulo
MLB1091546686,2018-10-23,Ps4 Slim Sony 1tb 3 Jogos Bundle Playstation 4 Novo,2178.0,Sao Paulo
MLB1120065835,2018-10-23,Ps4 Playstation 4 Slim 1tb 2 Controles + Pes 19 + Gta V. Sj,2399.0,Sao Paulo
MLB1120140110,2018-10-23,Ps4 Play4 Slim 1tb + Jogo Fifa 18 + Nota Fiscal,1929.98,Sao Paulo
MLB1096458457,2018-10-23,Game Playstation Sony 4 Ps4 Play 4 Slim 1tb Hits Bundle 2115,2055.9,Sao Paulo
MLB1109644621,2018-10-23,Playstation 4 Slim 1tb Play 4 Sony 1000gb Original Bivolt,1935.9,Sao Paulo
MLB1079142865,2018-10-23,Play Station 4 Ps4 Slim 1tb Sony Pronta Entrega,2299.99,Sao Paulo
MLB832040109,2018-10-23,Console Playstation 4 Slim Edição 1tb + Voucher De Jogos,2043.0,Sao Paulo
MLB1120063941,2018-10-23,Ps4 Playstation 4 Slim 1tb + Fifa 2019 + 12x Sem Juros,2100.0,Sao Paulo
MLB1097655956,2018-10-23,Ps4 Slim 1tb + 3 Jogos,2150.0,Sao Paulo
MLB1109561107,2018-10-23,Console Ps4 Playstation 4 1tb Slim 2 Controles Fifa 19 2019,2300.0,Sao Paulo
MLB1117060465,2018-10-23,Playstation 4 Slim Hd 1tb Novo Ps4 Destrav 5.05,1999.9,Sao Paulo
MLB1119591744,2018-10-23,Console Playstation 4 1tb Slim Com Controle Sem Fio Ps4 Sony,2256.99,Sao Paulo
MLB1109857670,2018-10-23,Game Playstation Sony 4 Ps4 Play 4 Slim 1tb Hits Bundle 2115,2055.9,Sao Paulo
MLB1108577378,2018-10-23,Console Playstation 4 Slim Sony 1tb Bundle 3 Jogos Barato,2039.9,Sao Paulo
MLB1117968723,2018-10-23,Playstation 4 Slim 1tb Lacrado,2100.0,Sao Paulo
MLB1074093062,2018-10-23,Console Playstation 4 Ps4 Slim 1tb Bundlec/3 Jogos S/psn,2199.48,Sao Paulo
MLB1076996121,2018-10-23,Console Playstation 4 Slim De 1tb Hits 3 Jogos Cuh-2115b,2139.49,Sao Paulo
MLB1077507143,2018-10-23,Console Playstation 4 Slim De 1tb Hits Com 3 Jogos,2153.49,Sao Paulo
MLB1062415449,2018-10-23,Ps4 Slim 1tb Hits Bundle + 3 Mes Psn Produto Oficial Lacrado,2099.0,Sao Paulo
MLB1120069095,2018-10-23,Ps4 Playstation 4 Slim 1tb 2 Controles. Fifa 19 + Gta V. Av,2299.0,Sao Paulo
MLB1090987883,2018-10-23,Ps4 Slim 1tb Hits Bundle + 3 Mes Psn Produto Oficial Lacrado,2129.0,Sao Paulo
MLB1083393219,2018-10-23,Console Playstation 4 Ps4 Slim 1tb + 3 Jogos +3 Mes Psn + Nf,2490.0,Sao Paulo
MLB1095808704,2018-10-23,Console Playstation 4 Ps4 Slim 1tb Hits Bundle + 3 Jogos+nf,2249.48,Sao Paulo
MLB1116349226,2018-10-23,Console Playstation 4 Slim (ps4) Com 1tb,1949.0,Sao Paulo
MLB1078776216,2018-10-23,Console Playstation 4 Ps4 Slim 1tb Hits Bundle + 3 Jogos,2249.48,Sao Paulo
MLB1044524025,2018-10-23,Console Playstation 4 Ps4 Slim 1tb + 1 Controle Dualshock 4,1975.0,Sao Paulo
MLB1085534908,2018-10-23,Ps4 Playstation 4 Slim 1tb 3 Jogos+psn 3 Meses Em Campinassp,2250.0,Sao Paulo
MLB1108549879,2018-10-23,Ps4 Slim 1tb + 2 Controles 2115b Americano,1500.0,Sao Paulo
MLB1077279147,2018-10-23,Console Ps4 - Modelo Slim 1tb Cuh 2106b + Game Uncharted 4,2099.0,Sao Paulo
MLB1073275131,2018-10-23,Ps4 Playstation 4 Slim 1tb+ 2 Controles Novo Em Campinassp,2160.0,Sao Paulo
MLB1102039830,2018-10-23,Playstation 4 Slim 1tb Desbloqueado /destravado 5.05 + Jogos,2320.0,Sao Paulo
MLB1085561950,2018-10-23,Ps4 Slim Sony 1tb 3 Jogos Bundle Playstation 4em Campinas Sp,2049.0,Sao Paulo
MLB1104161705,2018-10-23,Ps4 Slim 1tb Bundle Hits Sony Original,2779.0,Sao Paulo
MLB1121448303,2018-10-23,Console Playstation 4 Ps4 Slim 1tb Hits Bundle + 3 Jogos,1500.0,Sao Paulo
MLB1111915442,2018-10-23,Ps4 Slim Sony 1tb 3 Jogos Playstation 4 Gow Gt Uncharted 4,2167.35,Sao Paulo
MLB1105750833,2018-10-23,Ps4 1tb Slim 2 Controles + God Of War 4 + Uncharted 4 + Gt S,2589.48,Sao Paulo
MLB1107966103,2018-10-23,Video Game Play 4 Slim De 1tb Sony Cuh-2115b + 3 Jogos,2190.0,Sao Paulo
MLB1113092579,2018-10-23,NovoPlaystation 4 Slim 1tb + 3 Jogos Top Campinas,2149.0,Sao Paulo
MLB1120296599,2018-10-23,Playstation 4 Slim Edição 1tb Com 2 Controle E Voucher,2220.0,Sao Paulo
MLB1106910062,2018-10-23,Playstation 4 Barato Ps4 Slim1tb 3 Jogos Bundle God Of War+2,2390.0,Sao Paulo
MLB1115599133,2018-10-23,Ps4 Slim 1tb Barato + 1 Ano Total De Garantia Promoção,2120.0,Sao Paulo
MLB1122898693,2018-10-23,Playstation 4 Ps4 Slim 1tb -1tera Com Frete Gratis Sem Juros,2999.0,Sao Paulo
MLB1100926158,2018-10-23,Ps4 Playstation 4 Slim 1tb 3 Jogos+psn 3 Meses Em Campinassp,2230.0,Sao Paulo
MLB1120069642,2018-10-23,Playstation 4 Slim Ps4 1tb + Pes 19 + 3 Jogos Classicos Sj,2169.0,Sao Paulo
MLB1108577245,2018-10-23,Ps4 Slim Playstation 4 Sony 1tb Bundle 3 Jogos Barato,2149.9,Sao Paulo
MLB1109643600,2018-10-23,Playstation 4 Slim 1tb 2 Controles Play 4 Sony Original,2199.9,Sao Paulo
MLB1120064257,2018-10-23,Playstation 4 Slim Ps4 1tb + Pes 18 + Gta V. Sj,2059.0,Sao Paulo
MLB1120474077,2018-10-23,Playstation 4 Slim 1tb Ps4 Sony Novo Barato,2144.5,Sao Paulo
MLB1107898172,2018-10-23,Playstation 4 Sony Ps4 Slim 1tb Bundle 3 Jogos Barato,2149.9,Sao Paulo
MLB1120724125,2018-10-23,Playstation 4 Slim 1tb Ps4 C/ 2 Controles God Of War 4 .sj,2169.0,Sao Paulo
MLB1097423368,2018-10-23,Ps4 Slim Sony 1tb 3 Jogos Bundle Playstation 4 Novo,2299.0,Sao Paulo
MLB1120716541,2018-10-23,Ps4 Playstation 4 Slim 1tb C 2 Controles + Pes 19 + Gow 4 Sj,2389.0,Sao Paulo
MLB1120719817,2018-10-23,Ps4 Playstation 4 Slim 1tb + Pes 2019. 12x Sem Juros,1999.0,Sao Paulo
MLB1107597987,2018-10-23,Playstation 4 Slim 1tb Modelo 2115,1930.0,Sao Paulo
MLB1122405831,2018-10-23,Playstation 4 Slim Ps4 1tb Sony 3 Jogos Gratis Barato,2149.9,Sao Paulo
MLB1106601040,2018-10-23,Ps4 Slim 1tb + 3 Jogos,2399.0,Sao Paulo
MLB1107902182,2018-10-23,Playstation 4 Slim Sony 1tb Bundle 3 Jogos Barato,2149.9,Sao Paulo
MLB1122792408,2018-10-23,Playstation 4 Slim Sony 1tb Ps4 Original Play 4,1789.0,Sao Paulo
MLB1122797184,2018-10-23,Playstation 4 1tb Ps4 Slim Hdr Bivolt,1789.0,Sao Paulo
MLB1120767663,2018-10-23,Sony Playstation 4 Slim Ps4 1 Tb Cuh-2115b,1779.0,Sao Paulo
MLB1115293707,2018-10-23,Ps4 Slim Ps4 1tb + 2 Controles Pronta Entrega Novo Na Caixa,2077.9,Sao Paulo
MLB1069862817,2018-10-23,Playstation 4 Ps4 Slim 1tb Sony + 3 Jogos Barato + Psn,2459.78,Sao Paulo
MLB1093218903,2018-10-23,Ps4 Slim 1tb + 3 Jogos,2300.0,Sao Paulo
MLB1093219729,2018-10-23,Ps4 Slim 1tb + 3 Jogos,2400.0,Sao Paulo
MLB1114637022,2018-10-23,Ps4 Playstation 4 Slim 1tb Novo Em Campinas Sp Promoção,1875.0,Sao Paulo
MLB1115296809,2018-10-23,Ps4 Slim Ps4 1tb Pronta Entrega Bivolt Novo Na Caixa,1834.9,Sao Paulo
MLB1105819550,2018-10-23,Ps4 Slim 1 Tb + Controle Cristal + Jogo Dragon Ball Fighter,2299.0,Sao Paulo
MLB1105773227,2018-10-23,Ps4 Slim 1 Tb + Controle + Pes 2019,2330.0,Sao Paulo
MLB1105770809,2018-10-23,Ps4 Slim 1 Tb + Controle + Uncharted The Lostlegacy,2219.0,Sao Paulo
MLB1075679847,2018-10-23,Playstation 4 Slim 1tb + 3 Jogos Top + Psn,2049.0,Sao Paulo
MLB1106905291,2018-10-23,Ps4 Slim Sony 1tb 3 Jogos Bundle Playstation 4 Novo Barato,2250.0,Sao Paulo
MLB1106914267,2018-10-23,Ps4 Slim Sony 1tb 3 Jogos Lançamento Playstation 4 Barato !!,2250.0,Sao Paulo
MLB1086347465,2018-10-23,Playstation 4 Slim 1tb Barato C/ Procedência + 1 Ano Total,1950.0,Sao Paulo
MLB1120069640,2018-10-23,Playstation 4 Slim Ps4 1tb + Pes 19 + 3 Jogos Classicos Av,2039.0,Sao Paulo
MLB1100837093,2018-10-23,Ps4 Playstation 4 Slim 1tb Com 2controles Em Campinas Sp,2035.0,Sao Paulo
MLB1120719780,2018-10-23,Ps4 Playstation 4 Slim 1tb + Pes 2019. Valor A Vista,1899.0,Sao Paulo
MLB1120725588,2018-10-23,Ps4 Playstation 4 Slim 1tb + Pes 2019. Valor A Vista,1879.0,Sao Paulo
MLB1120165224,2018-10-23,Playstation 4 Ps4 Slim 1tb Bundle Com 3 Jogos,2050.0,Sao Paulo
MLB1120725280,2018-10-23,Ps4 Playstation 4 Slim 1tb + Fifa 2019 + Promoção,1999.0,Sao Paulo
MLB1121655464,2018-10-23,Playstation 4 Slim Sony 1tb Ps4 Bundle Com 3 Jogos + Psn,2049.0,Sao Paulo
MLB1122797558,2018-10-23,Playstation 4 Ps4 Slim Hd 1tb 1000gb,1699.0,Sao Paulo
MLB1120724194,2018-10-23,Playstation 4 Slim Ps4 1tb 2 Controles + Pes 19 + Gta V. Av,2269.0,Sao Paulo
MLB1122351367,2018-10-23,Ps4 Slim Sony 1tb 3 Jogos Brinde Playstation 4 Novo,2200.0,Sao Paulo
MLB1107883873,2018-10-23,Playstation 4 Slim Sony 1tb 3 Jogos Barato,2079.9,Sao Paulo
MLB1071005562,2018-10-23,Playstation 4 Slim 1tb,1700.0,Sao Paulo
MLB1122774310,2018-10-23,Ps4 Playstation 4 Slim 1tb Hdr Novo Em Campinas Sp Promoção,1577.0,Sao Paulo
MLB1096678641,2018-10-23,Playstation 4 Slim De 1tb Com 3 Jogos God/gran T / Uncharted,2199.0,Sao Paulo
MLB1086023897,2018-10-23,Playstation 4 Slim-1tb+3jogos,2100.0,Sao Paulo
MLB1095410377,2018-10-23,Ps4 Slim 1tb Mais 3 Jogos,2175.99,Sao Paulo
MLB1075538358,2018-10-23,Ps4 Slim 1tb Bundle+3 Jogos+1 Controle+garantia+nf,2299.99,Sao Paulo
MLB1117457348,2018-10-23,Playstation 4 Slim 1tb Vc/3 Jogos + 1 Controle Original,2580.0,Sao Paulo
MLB1112160375,2018-10-23,Playstation 4 Slim De 1 Tb Com Jogos,2200.0,Sao Paulo
MLB941707692,2018-10-23,Ps4 Slim Sony 1tb 3 Jogos Bundle Playstation 4 Novo,2059.9,Sao Paulo
MLB1091990281,2018-10-23,Playstation Sony 4 Ps4 Play 4 Slim 1tb Hits Bundle 2115b,1939.9,Sao Paulo
MLB1088539410,2018-10-23,Ps4 Slim Sony 1tb 3 Jogos Bundle + Nota Fiscal,2049.9,Sao Paulo
MLB1096455143,2018-10-23,Playstation Sony 4 Ps4 Play 4 Slim 1tb Hits Bundle 2115b,1939.9,Sao Paulo
MLB1102916511,2018-10-23,Playstation Sony 4 Ps4 Play 4 Slim 1tb Hits Bundle 2115b,2059.9,Sao Paulo
MLB1088541222,2018-10-23,Ps4 Slim Sony 1tb 3 Jogos Bundle + Nota Fiscal + 2 Controles,2229.0,Sao Paulo
MLB1103669978,2018-10-23,Ps4 Slim 1tb Hdr Sony Bivolt Playstation 4 Slim 1tb Sony,1849.0,Sao Paulo
MLB1111023645,2018-10-23,Ps4 Slim Ps4 1tb Pronta Entrega Bivolt Novo Na Caixa,1726.9,Sao Paulo
MLB1115220315,2018-10-23,Ps4 Slim 1tb + Fifa 19 + Nota Fiscal + 2 Controles +garantia,2179.9,Sao Paulo
MLB1084721817,2018-10-23,Ps4 Slim Sony 1tb 3 Jogos Bundl Playstation 4 Pronta Entrega,2049.99,Sao Paulo
MLB1109856309,2018-10-23,Playstation Sony 4 Ps4 Play 4 Slim 1tb Hits Bundle 2115b,1939.9,Sao Paulo
MLB1096082160,2018-10-23,Game Playstation Sony 4 Ps4 Play 4 Slim 1tb Hits Bundle 2115,1939.9,Sao Paulo
MLB1104531012,2018-10-23,Ps4 Slim Sony 1tb 3 Jogos Bundle C/1 Controles + Nota Fiscal,1988.9,Sao Paulo
MLB1104450280,2018-10-23,Ps4 Slim Sony 1tb 3 Jogos Bundle C/2 Controles + Nota Fiscal,2228.9,Sao Paulo
MLB1099720843,2018-10-23,Playstation 4 Slim 1tb 2 Controles Play 4 Sony Original,2079.9,Sao Paulo
MLB1109639815,2018-10-23,Playstation 4 Slim 1tb 2 Controles Play 4 Sony Original,2079.9,Sao Paulo
MLB1111032560,2018-10-23,Ps4 Slim Ps4 1tb + 2 Controles Pronta Entrega Novo Na Caixa,1956.9,Sao Paulo
MLB1113755705,2018-10-23,Playstation 4 1tb Ps4 Slim Hdr Bivolt Pronta Entrega,1692.89,Sao Paulo
MLB1074743260,2018-10-23,Console Playstation 4 Ps4 Slim 1tb Hits Bundle + 3 Jogos,2099.48,Sao Paulo
MLB1121448300,2018-10-23,Console Playstation 4 Ps4 Slim 1tb Hits Bundle + 3 Jogos,1650.0,Sao Paulo
MLB1094808678,2018-10-23,Console Playstation 4 Ps4 Slim 1tb,1899.0,Sao Paulo
MLB1077284511,2018-10-23,Console Ps4 - Modelo Slim 1tb Cuh 2106b + Game Uncharted 4,2159.0,Sao Paulo
MLB1096301977,2018-10-23,Ps4 Slim 1tb + 3 Jogos,2350.0,Sao Paulo
MLB1103749443,2018-10-23,Ps4 Slim 1tb + 3 Jogos,2250.0,Sao Paulo
MLB1100019597,2018-10-23,Ps4 Slim 1tb + 3 Jogos,2350.0,Sao Paulo
MLB1100024182,2018-10-23,Ps4 Slim 1tb + 3 Jogos,2350.0,Sao Paulo
MLB1100024330,2018-10-23,Ps4 Slim 1tb + 3 Jogos,2350.0,Sao Paulo
MLB1100024394,2018-10-23,Ps4 Slim 1tb + 3 Jogos,2350.0,Sao Paulo
MLB1100946300,2018-10-23,Ps4 Slim 1tb + 3 Jogos,2350.0,Sao Paulo
MLB1103757760,2018-10-23,Ps4 Slim 1tb + 3 Jogos,2350.0,Sao Paulo
MLB1085605769,2018-10-23,Ps4 Slim 1tb + 3 Jogos,2299.0,Sao Paulo
MLB1086279123,2018-10-23,Ps4 Slim 1tb + 3 Jogos,2400.0,Sao Paulo
MLB1087504358,2018-10-23,Ps4 Slim 1tb + 3 Jogos,2500.0,Sao Paulo
MLB1093120211,2018-10-23,Ps4 Slim 1tb + 3 Jogos,2400.0,Sao Paulo
MLB1093229560,2018-10-23,Ps4 Slim 1tb + 3 Jogos,2300.0,Sao Paulo
MLB1093229620,2018-10-23,Ps4 Slim 1tb + 3 Jogos,2300.0,Sao Paulo
MLB1093232905,2018-10-23,Ps4 Slim 1tb + 3 Jogos,2300.0,Sao Paulo
MLB1093233121,2018-10-23,Ps4 Slim 1tb + 3 Jogos,2400.0,Sao Paulo
MLB1093233264,2018-10-23,Ps4 Slim 1tb + 3 Jogos,2400.0,Sao Paulo
MLB1093237217,2018-10-23,Ps4 Slim 1tb + 3 Jogos,2400.0,Sao Paulo
MLB1093237516,2018-10-23,Ps4 Slim 1tb + 3 Jogos,2400.0,Sao Paulo
MLB1093688315,2018-10-23,Ps4 Slim 1tb + 3 Jogos,2400.0,Sao Paulo
MLB1093688600,2018-10-23,Ps4 Slim 1tb + 3 Jogos,2300.0,Sao Paulo
MLB1093690948,2018-10-23,Ps4 Slim 1tb + 3 Jogos,2400.0,Sao Paulo
MLB1093691512,2018-10-23,Ps4 Slim 1tb + 3 Jogos,2300.0,Sao Paulo
MLB1093691726,2018-10-23,Ps4 Slim 1tb + 3 Jogos,2300.0,Sao Paulo
MLB1093692938,2018-10-23,Ps4 Slim 1tb + 3 Jogos,2400.0,Sao Paulo
MLB1093693004,2018-10-23,Ps4 Slim 1tb + 3 Jogos,2400.0,Sao Paulo
MLB1093693062,2018-10-23,Ps4 Slim 1tb + 3 Jogos,2400.0,Sao Paulo
MLB1093693655,2018-10-23,Ps4 Slim 1tb + 3 Jogos,2300.0,Sao Paulo
MLB1093693755,2018-10-23,Ps4 Slim 1tb + 3 Jogos,2300.0,Sao Paulo
MLB1094411787,2018-10-23,Ps4 Slim 1tb + 3 Jogos,2350.0,Sao Paulo
MLB1094414357,2018-10-23,Ps4 Slim 1tb + 3 Jogos,2350.0,Sao Paulo
MLB1094414734,2018-10-23,Ps4 Slim 1tb + 3 Jogos,2350.0,Sao Paulo
MLB1094418428,2018-10-23,Ps4 Slim 1tb + 3 Jogos,2350.0,Sao Paulo
MLB1095619577,2018-10-23,Ps4 Slim 1tb + 3 Jogos,2350.0,Sao Paulo
MLB1095619753,2018-10-23,Ps4 Slim 1tb + 3 Jogos,2350.0,Sao Paulo
MLB1096295256,2018-10-23,Ps4 Slim 1tb + 3 Jogos,2350.0,Sao Paulo
MLB1096301836,2018-10-23,Ps4 Slim 1tb + 3 Jogos,2350.0,Sao Paulo
MLB1096301923,2018-10-23,Ps4 Slim 1tb + 3 Jogos,2350.0,Sao Paulo
MLB1097656014,2018-10-23,Ps4 Slim 1tb + 3 Jogos,2350.0,Sao Paulo
MLB1097658999,2018-10-23,Ps4 Slim 1tb + 3 Jogos,2350.0,Sao Paulo
MLB1097659269,2018-10-23,Ps4 Slim 1tb + 3 Jogos,2350.0,Sao Paulo
MLB1097661178,2018-10-23,Ps4 Slim 1tb + 3 Jogos,2350.0,Sao Paulo
MLB1099507917,2018-10-23,Ps4 Slim 1tb + 3 Jogos,2250.0,Sao Paulo
MLB1099507993,2018-10-23,Ps4 Slim 1tb + 3 Jogos,2350.0,Sao Paulo
MLB1099508087,2018-10-23,Ps4 Slim 1tb + 3 Jogos,2350.0,Sao Paulo
MLB1099508120,2018-10-23,Ps4 Slim 1tb + 3 Jogos,2350.0,Sao Paulo
MLB1099508201,2018-10-23,Ps4 Slim 1tb + 3 Jogos,2350.0,Sao Paulo
MLB1099511642,2018-10-23,Ps4 Slim 1tb + 3 Jogos,2350.0,Sao Paulo
MLB1099513492,2018-10-23,Ps4 Slim 1tb + 3 Jogos,2250.0,Sao Paulo
MLB1099513583,2018-10-23,Ps4 Slim 1tb + 3 Jogos,2350.0,Sao Paulo
MLB1099513681,2018-10-23,Ps4 Slim 1tb + 3 Jogos,2350.0,Sao Paulo
MLB1100025734,2018-10-23,Ps4 Slim 1tb + 3 Jogos,2350.0,Sao Paulo
MLB1100946421,2018-10-23,Ps4 Slim 1tb + 3 Jogos,2350.0,Sao Paulo
MLB1103749509,2018-10-23,Ps4 Slim 1tb + 3 Jogos,2250.0,Sao Paulo
MLB1103749703,2018-10-23,Ps4 Slim 1tb + 3 Jogos,2350.0,Sao Paulo
MLB1103753708,2018-10-23,Ps4 Slim 1tb + 3 Jogos,2350.0,Sao Paulo
MLB1103757386,2018-10-23,Ps4 Slim 1tb + 3 Jogos,2250.0,Sao Paulo
MLB1103757511,2018-10-23,Ps4 Slim 1tb + 3 Jogos,2350.0,Sao Paulo
MLB1103757680,2018-10-23,Ps4 Slim 1tb + 3 Jogos,2350.0,Sao Paulo
MLB1106596856,2018-10-23,Ps4 Slim 1tb + 3 Jogos,2199.0,Sao Paulo
MLB1093232853,2018-10-23,Ps4 Slim 1tb + 3 Jogos,2300.0,Sao Paulo
MLB1093237039,2018-10-23,Ps4 Slim 1tb + 3 Jogos,2300.0,Sao Paulo
MLB1093237345,2018-10-23,Ps4 Slim 1tb + 3 Jogos,2400.0,Sao Paulo
MLB1094414498,2018-10-23,Ps4 Slim 1tb + 3 Jogos,2350.0,Sao Paulo
MLB1095619394,2018-10-23,Ps4 Slim 1tb + 3 Jogos,2350.0,Sao Paulo
MLB1095621952,2018-10-23,Ps4 Slim 1tb + 3 Jogos,2350.0,Sao Paulo
MLB1095622124,2018-10-23,Ps4 Slim 1tb + 3 Jogos,2350.0,Sao Paulo
MLB1093219236,2018-10-23,Ps4 Slim 1tb + 3 Jogos,2300.0,Sao Paulo
MLB1093226449,2018-10-23,Ps4 Slim 1tb + 3 Jogos,2400.0,Sao Paulo
MLB1093223081,2018-10-23,Ps4 Slim 1tb + 3 Jogos,2400.0,Sao Paulo
MLB1093226111,2018-10-23,Ps4 Slim 1tb + 3 Jogos,2300.0,Sao Paulo
MLB1093222650,2018-10-23,Ps4 Slim 1tb + 3 Jogos,2300.0,Sao Paulo
MLB1093226206,2018-10-23,Ps4 Slim 1tb + 3 Jogos,2300.0,Sao Paulo
MLB1093226675,2018-10-23,Ps4 Slim 1tb + 3 Jogos,2400.0,Sao Paulo
MLB1094419049,2018-10-23,Ps4 Slim 1tb + 3 Jogos,2350.0,Sao Paulo
MLB1094419179,2018-10-23,Ps4 Slim 1tb + 3 Jogos,2350.0,Sao Paulo
MLB1093226558,2018-10-23,Ps4 Slim 1tb + 3 Jogos,2400.0,Sao Paulo
MLB1094420768,2018-10-23,Ps4 Slim 1tb + 3 Jogos,2350.0,Sao Paulo
MLB1118619409,2018-10-23,Console Playstation 4 Slim De 1tb Sony Bivolt + 3 Jogos,1999.49,Sao Paulo
MLB1103362885,2018-10-23,Ps4 Slim Sony 1tb 3 Jogos Playstation 4 Gow Gt Uncharted 4,2024.9,Sao Paulo
MLB1109644619,2018-10-23,Playstation 4 Slim 1tb Play 4 Sony 1000gb Original Bivolt,1825.9,Sao Paulo
MLB1122051193,2018-10-23,Ps4 Slim Playstation 1tb Days Of Play Limited + Nota Fiscal,1988.0,Sao Paulo
MLB1070622537,2018-10-23,Ps4 Slim 1tb Hits Bundle + 3 Mes Psn Produto Oficial Lacrado,2029.0,Sao Paulo
MLB1112182579,2018-10-23,Ps4 Slim 1 Tb + Fifa 19 + Nota Fiscal + Garantia,1979.9,Sao Paulo
MLB1091442427,2018-10-23,Ps4 Play4 Slim 1tb + Jogo Fifa 18 + Nota Fiscal,1819.98,Sao Paulo
MLB1120117186,2018-10-23,Playstation Sony 4 Ps4 Play 4 Slim 1tb Hits Bundle 2115b,2899.99,Sao Paulo
MLB1109644623,2018-10-23,Playstation 4 Slim 1tb 2 Controles Play 4 Sony Original,2079.9,Sao Paulo
MLB1115250207,2018-10-23,Ps4 Slim 1tb Hits Bundle + 3 Mes Psn Produto Oficial Lacrado,2059.0,Sao Paulo
MLB1111915274,2018-10-23,Ps4 Slim Sony 1tb 3 Jogos Playstation 4 Gow Gt Uncharted 4,2045.58,Sao Paulo
MLB1076996336,2018-10-23,Console Playstation 4 Slim De 1tb Hits 3 Jogos Cuh-2115b,2039.49,Sao Paulo
MLB1077504210,2018-10-23,Console Playstation 4 Slim De 1tb Hits Com 3 Jogos,2068.49,Sao Paulo
MLB1109857665,2018-10-23,Game Playstation Sony 4 Ps4 Play 4 Slim 1tb Hits Bundle 2115,1939.9,Sao Paulo
MLB1099062280,2018-10-23,Ps4 Playstation 4 Slim 1tb 3 Jogos+psn 3 Meses Em Campinassp,1850.0,Sao Paulo
MLB1083398346,2018-10-23,Console Playstation 4 Ps4 Slim 1tb + 3 Jogos +3 Mes Psn + Nf,2369.0,Sao Paulo
MLB1109636319,2018-10-23,Playstation 4 Slim 1tb Play 4 Sony 1000gb Original Bivolt,1825.9,Sao Paulo
MLB1087174742,2018-10-23,Playstation 4 Slim 1tb Desbloqueado /destravado 5.05 + Jogos,2200.0,Sao Paulo
MLB1101074780,2018-10-23,Ps4 Slim 1tb Barato + 1 Ano Total De Garantia Promoção,1950.0,Sao Paulo
MLB1109643597,2018-10-23,Playstation 4 Slim 1tb Play 4 Sony 1000gb Original Bivolt,1825.9,Sao Paulo
MLB1110652727,2018-10-23,Console Playstation 4 Slim De 1tb Sony Cuh-2116b Bivolt - Je,1986.0,Sao Paulo
MLB1118121745,2018-10-23,Console Playstation 4 Slim 1tb + Jogos,2299.0,Sao Paulo
MLB1099172388,2018-10-23,Video Game Play 4 Slim De 1tb Sony Cuh-2115b + 3 Jogos,2189.0,Sao Paulo
MLB1085648096,2018-10-23,Ps4 Slim 1tb + 3 Jogos,2199.0,Sao Paulo
MLB1100930506,2018-10-23,Ps4 Playstation 4 Slim 1tb 3 Jogos+psn 3 Meses Em Campinassp,2106.0,Sao Paulo
MLB1102692329,2018-10-23,Ps4 Slim Sony 1tb 3 Jogos Bundle Playstation 4 Novo,2109.67,Sao Paulo
MLB1109639853,2018-10-23,Playstation 4 Slim 1tb 2 Controles Play 4 Sony Original,2079.9,Sao Paulo
MLB1109582866,2018-10-23,Ps4 Playstation 1tb Modelo Americano - Original,1649.0,Sao Paulo
MLB1107599456,2018-10-23,Playstation 4 Slim 1tb Modelo 2115,1649.0,Sao Paulo
MLB1092162234,2018-10-23,Ps4 Slim 1tb + 3 Jogos,2300.0,Sao Paulo
MLB1096295168,2018-10-23,Ps4 Slim 1tb + 3 Jogos,2250.0,Sao Paulo
MLB1100943326,2018-10-23,Ps4 Slim 1tb + 3 Jogos,2250.0,Sao Paulo
MLB1100944983,2018-10-23,Ps4 Slim 1tb + 3 Jogos,2350.0,Sao Paulo
MLB1093697133,2018-10-23,Ps4 Slim 1tb + 3 Jogos,2200.0,Sao Paulo
MLB1100018866,2018-10-23,Ps4 Slim 1tb + 3 Jogos,2150.0,Sao Paulo
MLB1102545632,2018-10-23,Ps4 Slim 1tb + 3 Jogos,2250.0,Sao Paulo
MLB1085602272,2018-10-23,Ps4 Slim 1tb + 3 Jogos,2199.0,Sao Paulo
MLB1086174436,2018-10-23,Ps4 Slim 1tb + 3 Jogos,2299.0,Sao Paulo
MLB1091591112,2018-10-23,Ps4 Slim 1tb + 3 Jogos,2199.0,Sao Paulo
MLB1092161421,2018-10-23,Ps4 Slim 1tb + 3 Jogos,2199.0,Sao Paulo
MLB1093129147,2018-10-23,Ps4 Slim 1tb + 3 Jogos,2199.0,Sao Paulo
MLB1093220255,2018-10-23,Ps4 Slim 1tb + 3 Jogos,2199.0,Sao Paulo
MLB1093227806,2018-10-23,Ps4 Slim 1tb + 3 Jogos,2199.0,Sao Paulo
MLB1093227891,2018-10-23,Ps4 Slim 1tb + 3 Jogos,2199.0,Sao Paulo
MLB1093229043,2018-10-23,Ps4 Slim 1tb + 3 Jogos,2200.0,Sao Paulo
MLB1093692059,2018-10-23,Ps4 Slim 1tb + 3 Jogos,2200.0,Sao Paulo
MLB1093692111,2018-10-23,Ps4 Slim 1tb + 3 Jogos,2200.0,Sao Paulo
MLB1093694225,2018-10-23,Ps4 Slim 1tb + 3 Jogos,2200.0,Sao Paulo
MLB1093697177,2018-10-23,Ps4 Slim 1tb + 3 Jogos,2200.0,Sao Paulo
MLB1094417583,2018-10-23,Ps4 Slim 1tb + 3 Jogos,2150.0,Sao Paulo
MLB1094418068,2018-10-23,Ps4 Slim 1tb + 3 Jogos,2250.0,Sao Paulo
MLB1094418184,2018-10-23,Ps4 Slim 1tb + 3 Jogos,2250.0,Sao Paulo
MLB1095624488,2018-10-23,Ps4 Slim 1tb + 3 Jogos,2250.0,Sao Paulo
MLB1095626290,2018-10-23,Ps4 Slim 1tb + 3 Jogos,2150.0,Sao Paulo
MLB1095629247,2018-10-23,Ps4 Slim 1tb + 3 Jogos,2250.0,Sao Paulo
MLB1095632913,2018-10-23,Ps4 Slim 1tb + 3 Jogos,2150.0,Sao Paulo
MLB1095633038,2018-10-23,Ps4 Slim 1tb + 3 Jogos,2150.0,Sao Paulo
MLB1096292586,2018-10-23,Ps4 Slim 1tb + 3 Jogos,2150.0,Sao Paulo
MLB1096294624,2018-10-23,Ps4 Slim 1tb + 3 Jogos,2150.0,Sao Paulo
MLB1096298689,2018-10-23,Ps4 Slim 1tb + 3 Jogos,2150.0,Sao Paulo
MLB1096299334,2018-10-23,Ps4 Slim 1tb + 3 Jogos,2250.0,Sao Paulo
MLB1096299361,2018-10-23,Ps4 Slim 1tb + 3 Jogos,2250.0,Sao Paulo
MLB1096300898,2018-10-23,Ps4 Slim 1tb + 3 Jogos,2150.0,Sao Paulo
MLB1096300995,2018-10-23,Ps4 Slim 1tb + 3 Jogos,2150.0,Sao Paulo
MLB1097652382,2018-10-23,Ps4 Slim 1tb + 3 Jogos,2150.0,Sao Paulo
MLB1097654802,2018-10-23,Ps4 Slim 1tb + 3 Jogos,2250.0,Sao Paulo
MLB1097654928,2018-10-23,Ps4 Slim 1tb + 3 Jogos,2250.0,Sao Paulo
MLB1097655762,2018-10-23,Ps4 Slim 1tb + 3 Jogos,2150.0,Sao Paulo
MLB1097655800,2018-10-23,Ps4 Slim 1tb + 3 Jogos,2150.0,Sao Paulo
MLB1097657859,2018-10-23,Ps4 Slim 1tb + 3 Jogos,2250.0,Sao Paulo
MLB1097657880,2018-10-23,Ps4 Slim 1tb + 3 Jogos,2250.0,Sao Paulo
MLB1097657907,2018-10-23,Ps4 Slim 1tb + 3 Jogos,2250.0,Sao Paulo
MLB1097658721,2018-10-23,Ps4 Slim 1tb + 3 Jogos,2150.0,Sao Paulo
MLB1097660677,2018-10-23,Ps4 Slim 1tb + 3 Jogos,2150.0,Sao Paulo
MLB1098359881,2018-10-23,Ps4 Slim 1tb + 3 Jogos,2150.0,Sao Paulo
MLB1098359942,2018-10-23,Ps4 Slim 1tb + 3 Jogos,2150.0,Sao Paulo
MLB1098360028,2018-10-23,Ps4 Slim 1tb + 3 Jogos,2150.0,Sao Paulo
MLB1098360172,2018-10-23,Ps4 Slim 1tb + 3 Jogos,2250.0,Sao Paulo
MLB1098360266,2018-10-23,Ps4 Slim 1tb + 3 Jogos,2250.0,Sao Paulo
MLB1098360335,2018-10-23,Ps4 Slim 1tb + 3 Jogos,2250.0,Sao Paulo
MLB1098363173,2018-10-23,Ps4 Slim 1tb + 3 Jogos,2150.0,Sao Paulo
MLB1098363513,2018-10-23,Ps4 Slim 1tb + 3 Jogos,2250.0,Sao Paulo
MLB1098960472,2018-10-23,Ps4 Slim 1tb + 3 Jogos,2150.0,Sao Paulo
MLB1098960506,2018-10-23,Ps4 Slim 1tb + 3 Jogos,2150.0,Sao Paulo
MLB1098965242,2018-10-23,Ps4 Slim 1tb + 3 Jogos,2150.0,Sao Paulo
MLB1098965394,2018-10-23,Ps4 Slim 1tb + 3 Jogos,2150.0,Sao Paulo
MLB1098965442,2018-10-23,Ps4 Slim 1tb + 3 Jogos,2150.0,Sao Paulo
MLB1099507883,2018-10-23,Ps4 Slim 1tb + 3 Jogos,2250.0,Sao Paulo
MLB1099511131,2018-10-23,Ps4 Slim 1tb + 3 Jogos,2250.0,Sao Paulo
MLB1099511225,2018-10-23,Ps4 Slim 1tb + 3 Jogos,2250.0,Sao Paulo
MLB1100019049,2018-10-23,Ps4 Slim 1tb + 3 Jogos,2150.0,Sao Paulo
MLB1100019288,2018-10-23,Ps4 Slim 1tb + 3 Jogos,2250.0,Sao Paulo
MLB1100019380,2018-10-23,Ps4 Slim 1tb + 3 Jogos,2250.0,Sao Paulo
MLB1100023660,2018-10-23,Ps4 Slim 1tb + 3 Jogos,2150.0,Sao Paulo
MLB1100023884,2018-10-23,Ps4 Slim 1tb + 3 Jogos,2250.0,Sao Paulo
MLB1100025084,2018-10-23,Ps4 Slim 1tb + 3 Jogos,2150.0,Sao Paulo
MLB1100025296,2018-10-23,Ps4 Slim 1tb + 3 Jogos,2150.0,Sao Paulo
MLB1100025441,2018-10-23,Ps4 Slim 1tb + 3 Jogos,2250.0,Sao Paulo
MLB1100043367,2018-10-23,Ps4 Slim 1tb + 3 Jogos,2350.0,Sao Paulo
MLB1100045221,2018-10-23,Ps4 Slim 1tb + 3 Jogos,2350.0,Sao Paulo
MLB1100942029,2018-10-23,Ps4 Slim 1tb + 3 Jogos,2350.0,Sao Paulo
MLB1100942868,2018-10-23,Ps4 Slim 1tb + 3 Jogos,2350.0,Sao Paulo
MLB1100943241,2018-10-23,Ps4 Slim 1tb + 3 Jogos,2250.0,Sao Paulo
MLB1100943423,2018-10-23,Ps4 Slim 1tb + 3 Jogos,2250.0,Sao Paulo
MLB1100946572,2018-10-23,Ps4 Slim 1tb + 3 Jogos,2250.0,Sao Paulo
MLB1100947056,2018-10-23,Ps4 Slim 1tb + 3 Jogos,2250.0,Sao Paulo
MLB1102549158,2018-10-23,Ps4 Slim 1tb + 3 Jogos,2250.0,Sao Paulo
MLB1103753375,2018-10-23,Ps4 Slim 1tb + 3 Jogos,2250.0,Sao Paulo
MLB1066299893,2018-10-23,Playstation 4 Slim 1tb Bundle (god Of War  Uncharted 4,2599.0,Sao Paulo
MLB1092158585,2018-10-23,Ps4 Slim 1tb + 3 Jogos,2300.0,Sao Paulo
MLB1092158926,2018-10-23,Ps4 Slim 1tb + 3 Jogos,2300.0,Sao Paulo
MLB1093223716,2018-10-23,Ps4 Slim 1tb + 3 Jogos,2199.0,Sao Paulo
MLB1093224292,2018-10-23,Ps4 Slim 1tb + 3 Jogos,2200.0,Sao Paulo
MLB1093224375,2018-10-23,Ps4 Slim 1tb + 3 Jogos,2200.0,Sao Paulo
MLB1093227651,2018-10-23,Ps4 Slim 1tb + 3 Jogos,2199.0,Sao Paulo
MLB1093228265,2018-10-23,Ps4 Slim 1tb + 3 Jogos,2200.0,Sao Paulo
MLB1093228537,2018-10-23,Ps4 Slim 1tb + 3 Jogos,2200.0,Sao Paulo
MLB1094410543,2018-10-23,Ps4 Slim 1tb + 3 Jogos,2150.0,Sao Paulo
MLB1094413858,2018-10-23,Ps4 Slim 1tb + 3 Jogos,2250.0,Sao Paulo
MLB1094417414,2018-10-23,Ps4 Slim 1tb + 3 Jogos,2150.0,Sao Paulo
MLB1094417486,2018-10-23,Ps4 Slim 1tb + 3 Jogos,2150.0,Sao Paulo
MLB1094417677,2018-10-23,Ps4 Slim 1tb + 3 Jogos,2150.0,Sao Paulo
MLB1094417834,2018-10-23,Ps4 Slim 1tb + 3 Jogos,2250.0,Sao Paulo
MLB1095625861,2018-10-23,Ps4 Slim 1tb + 3 Jogos,2250.0,Sao Paulo
MLB1095626045,2018-10-23,Ps4 Slim 1tb + 3 Jogos,2150.0,Sao Paulo
MLB1095626153,2018-10-23,Ps4 Slim 1tb + 3 Jogos,2150.0,Sao Paulo
MLB1095629402,2018-10-23,Ps4 Slim 1tb + 3 Jogos,2250.0,Sao Paulo
MLB1095629716,2018-10-23,Ps4 Slim 1tb + 3 Jogos,2250.0,Sao Paulo
MLB1105414603,2018-10-23,Ps4 Playstation 4 Slim 1tb+ 2 Controles Novo Em Campinassp,1780.0,Sao Paulo
MLB1102283096,2018-10-23,Ps4 Slim 1 Tb + 2 Controles + 5 Jogos,2250.0,Sao Paulo
MLB1110926653,2018-10-23,Ps4 Slim 1 Tb 3 Jogos 3 Meses Psn,1950.0,Sao Paulo
MLB1101807654,2018-10-23,Ps4 Slim 1tb Novo Com 3 Jogos E 3 Meses Grátis De Ps Plus,2170.0,Sao Paulo
MLB1102058902,2018-10-23,Ps4 Slim 1tb Novo,1990.0,Sao Paulo
MLB1095246291,2018-10-23,Ps4 Slim 1tb Mais 3 Jogos,1955.99,Sao Paulo
MLB1114182746,2018-10-23,Ps4 Slim 1tb Playstation 4 Limited Edition Sony,1999.0,Sao Paulo
MLB1115297997,2018-10-23,Ps4 Slim Ps4 1tb + 2 Controles Pronta Entrega Novo Na Caixa,1960.9,Sao Paulo
MLB1115291274,2018-10-23,Ps4 Slim Ps4 1tb Pronta Entrega Bivolt Novo Na Caixa,1730.9,Sao Paulo
MLB1102107816,2018-10-23,Playstation 4 Slim Cuh 2115b 1tb Hdr + 3 Jogos,2000.0,Sao Paulo
MLB1101813174,2018-10-23,Ps4 Slim 1tb Com 4 Jogos Em Mídia Física  3 Na Caixa +pes 19,2300.0,Sao Paulo
MLB1119938481,2018-10-23,Ps4 Slim 1tb Playstation 4 Original Pronta Entrega!,1650.0,Sao Paulo
MLB1114699920,2018-10-23,Ps4 Slim Sony 1tb 3 Jogos Bundle Playstation 4 Novo,2299.0,Sao Paulo
MLB1095245935,2018-10-23,Ps4 Slim 1tb Mais 3 Jogos,1999.99,Sao Paulo
MLB1106416140,2018-10-23,Ps4 1tb Playstation 4 Slim-novo (lacrado)- São Paulo,1863.9,Sao Paulo
MLB1105967562,2018-10-23,Ps4 Slim 1 Tb Novo Lacrado 1 Ano De Garantia,1999.0,Sao Paulo
MLB1114655327,2018-10-23,Ps4 Playstation 4 Slim 1tb Novo Em Campinas Sp Promoção,1780.0,Sao Paulo
MLB1106309854,2018-10-23,Ps4 Slim Sony 1tb 3 Jogos Bundle Playstation 4 Novo,1999.9,Sao Paulo
MLB1114650762,2018-10-23,Ps4 Playstation 4 Slim 1tb+ 2 Controles Novo Em Campinassp,2025.0,Sao Paulo
MLB1095246477,2018-10-23,Ps4 Slim 1tb Mais 3 Jogos,2019.99,Sao Paulo
MLB1106303369,2018-10-23,Ps4 Slim Playstation 4 Sony 1tb 3 Jogos Bundle+ Psn 3 Meses,2290.0,Sao Paulo
MLB1095237955,2018-10-23,Ps4 Slim 1tb Mais 3 Jogos,2055.0,Sao Paulo
MLB1095242307,2018-10-23,Ps4 Slim 1tb Mais 3 Jogos,2029.99,Sao Paulo
MLB1102110419,2018-10-23,Playstation 4 Slim 1tb Sem Jogo,1800.0,Sao Paulo
MLB1110513168,2018-10-23,Ps4 Slim 1 Tb,1720.0,Sao Paulo
MLB1086748551,2018-10-23,Playstation 4 Slim-1tb+3jogos,2100.0,Sao Paulo
MLB1086752349,2018-10-23,Playstation 4 Slim-1tb+3jogos,2100.0,Sao Paulo
MLB1093216113,2018-10-23,Ps4 Slim 1tb + 3 Jogos,2199.0,Sao Paulo
MLB1093217989,2018-10-23,Ps4 Slim 1tb + 3 Jogos,2199.0,Sao Paulo
MLB1093218517,2018-10-23,Ps4 Slim 1tb + 3 Jogos,2200.0,Sao Paulo
MLB1093218681,2018-10-23,Ps4 Slim 1tb + 3 Jogos,2200.0,Sao Paulo
MLB1093224735,2018-10-23,Ps4 Slim 1tb + 3 Jogos,2200.0,Sao Paulo
MLB1093526894,2018-10-23,Ps4 1tb Slim Mais 3 Jogos,2129.9,Sao Paulo
MLB1094421825,2018-10-23,Ps4 Slim 1tb + 3 Jogos,2250.0,Sao Paulo
MLB1093216201,2018-10-23,Ps4 Slim 1tb + 3 Jogos,2199.0,Sao Paulo
MLB1093216487,2018-10-23,Ps4 Slim 1tb + 3 Jogos,2199.0,Sao Paulo
MLB1093218114,2018-10-23,Ps4 Slim 1tb + 3 Jogos,2199.0,Sao Paulo
MLB1093224629,2018-10-23,Ps4 Slim 1tb + 3 Jogos,2200.0,Sao Paulo
MLB1093523773,2018-10-23,Ps4 Slim 1 Tb Mais 3 Jogos,2188.0,Sao Paulo
MLB1094416424,2018-10-23,Ps4 Slim 1tb + 3 Jogos,2250.0,Sao Paulo
MLB1094419811,2018-10-23,Ps4 Slim 1tb + 3 Jogos,2150.0,Sao Paulo
MLB1094419911,2018-10-23,Ps4 Slim 1tb + 3 Jogos,2150.0,Sao Paulo
MLB1094420004,2018-10-23,Ps4 Slim 1tb + 3 Jogos,2150.0,Sao Paulo
MLB1094420144,2018-10-23,Ps4 Slim 1tb + 3 Jogos,2250.0,Sao Paulo
MLB1094421021,2018-10-23,Ps4 Slim 1tb + 3 Jogos,2150.0,Sao Paulo
MLB1094421616,2018-10-23,Ps4 Slim 1tb + 3 Jogos,2250.0,Sao Paulo
MLB1094421985,2018-10-23,Ps4 Slim 1tb + 3 Jogos,2250.0,Sao Paulo
MLB1095411331,2018-10-23,Ps4 Slim 1tb Mais 3 Jogos,2188.99,Sao Paulo
MLB1095439513,2018-10-23,Playstation 4 Slim-1tb+3jogos,2200.0,Sao Paulo
MLB1095876879,2018-10-23,Playstation 4 Slim-1tb+3jogos,2200.0,Sao Paulo
MLB1095881202,2018-10-23,Playstation 4 Slim-1tb+3jogos,2200.0,Sao Paulo
MLB1095886138,2018-10-23,Playstation 4 Slim-1tb+3jogos,2200.0,Sao Paulo
MLB1095889237,2018-10-23,Playstation 4 Slim-1tb+3jogos,2200.0,Sao Paulo
MLB1115989776,2018-10-23,Playstation 4 Slim 1tb + 3 Jogos,2100.0,Sao Paulo
MLB952218656,2018-10-23,Ps4 Slim 1tb Bundle Edição Lim Call Of Duty Ww2 + 1 Controle,2180.0,Sao Paulo
MLB1093224841,2018-10-23,Ps4 Slim 1tb + 3 Jogos,2200.0,Sao Paulo
MLB1094421184,2018-10-23,Ps4 Slim 1tb + 3 Jogos,2150.0,Sao Paulo
MLB1095410282,2018-10-23,Playstation 4 Slim-1tb+3jogos,2199.0,Sao Paulo
MLB1095413815,2018-10-23,Playstation 4 Slim-1tb+3jogos,2250.0,Sao Paulo
MLB1095447259,2018-10-23,Playstation 4 Slim-1tb+3jogos,2200.0,Sao Paulo
MLB1095501317,2018-10-23,Playstation 4 Slim-1tb+3jogos,2200.0,Sao Paulo
MLB1095873739,2018-10-23,Playstation 4 Slim-1tb+3jogos,2200.0,Sao Paulo
MLB1095875544,2018-10-23,Playstation 4 Slim-1tb+3jogos,2200.0,Sao Paulo
MLB1095876034,2018-10-23,Playstation 4 Slim-1tb+3jogos,2200.0,Sao Paulo
MLB1095878178,2018-10-23,Playstation 4 Slim-1tb+3jogos,2200.0,Sao Paulo
MLB1095879257,2018-10-23,Playstation 4 Slim-1tb+3jogos,2200.0,Sao Paulo
MLB1095879762,2018-10-23,Playstation 4 Slim-1tb+3jogos,2200.0,Sao Paulo
MLB1095882076,2018-10-23,Playstation 4 Slim-1tb+3jogos,2200.0,Sao Paulo
MLB1095882303,2018-10-23,Playstation 4 Slim-1tb+3jogos,2200.0,Sao Paulo
MLB1095882491,2018-10-23,Playstation 4 Slim-1tb+3jogos,2200.0,Sao Paulo
MLB1095884410,2018-10-23,Playstation 4 Slim-1tb+3jogos,2200.0,Sao Paulo
MLB1095884808,2018-10-23,Playstation 4 Slim-1tb+3jogos,2200.0,Sao Paulo
MLB1095887780,2018-10-23,Playstation 4 Slim-1tb+3jogos,2200.0,Sao Paulo
MLB1095891597,2018-10-23,Playstation 4 Slim-1tb+3jogos,2200.0,Sao Paulo
MLB1095893463,2018-10-23,Playstation 4 Slim-1tb+3jogos,2200.0,Sao Paulo
MLB1098363267,2018-10-23,Ps4 Slim 1tb + 3 Jogos,2150.0,Sao Paulo
MLB1098363357,2018-10-23,Ps4 Slim 1tb + 3 Jogos,2250.0,Sao Paulo
MLB1100025645,2018-10-23,Ps4 Slim 1tb + 3 Jogos,2250.0,Sao Paulo
MLB1102543429,2018-10-23,Ps4 Slim 1tb + 3 Jogos,2250.0,Sao Paulo
MLB1102543506,2018-10-23,Ps4 Slim 1tb + 3 Jogos,2250.0,Sao Paulo
MLB1102543640,2018-10-23,Ps4 Slim 1tb + 3 Jogos,2250.0,Sao Paulo
MLB1102543727,2018-10-23,Ps4 Slim 1tb + 3 Jogos,2250.0,Sao Paulo
MLB1103753251,2018-10-23,Ps4 Slim 1tb + 3 Jogos,2250.0,Sao Paulo
MLB1103753313,2018-10-23,Ps4 Slim 1tb + 3 Jogos,2250.0,Sao Paulo
MLB1106596942,2018-10-23,Ps4 Slim 1tb + 3 Jogos,2199.0,Sao Paulo
MLB1106597026,2018-10-23,Ps4 Slim 1tb + 3 Jogos,2399.0,Sao Paulo
MLB1106600638,2018-10-23,Ps4 Slim 1tb + 3 Jogos,2199.0,Sao Paulo
MLB1106772974,2018-10-23,Ps4 Slim 1 Tb Lacrado Com 3 Jogos,2299.0,Sao Paulo
MLB1113868644,2018-10-23,Playstation 4 Slim 1tb Bundle (fifa 2019),2599.0,Sao Paulo
MLB1115559329,2018-10-23,Playstation 4 Slim 1tb Bundle (god Of War / Shadow Of The,2599.0,Sao Paulo
MLB1123505893,2018-10-23,Playstation 4 Slim 1tb,1800.0,Sao Paulo
